Make_Raw,Model_Raw,Make_STD,Model_STD
Acura,CL,ACURA,CL
Acura,MDX,ACURA,MDX
Acura,RDX,ACURA,RDX
Acura,RL,ACURA,RL
Acura,TL,ACURA,TL
Acura,TSX,ACURA,TSX
Acura,TSX Sport Wagon,ACURA,TSX
Acura,ZDX,ACURA,ZDX
Aston Martin,Vantage,ASTON MARTIN,VANTAGE
Audi,A3,AUDI,A3
Audi,A4,AUDI,A4
Audi,A5,AUDI,A5
Audi,A6,AUDI,A6
Audi,A7,AUDI,A7
Audi,A8,AUDI,A8
Audi,A8 L,AUDI,A8 L
Audi,allroad,AUDI,ALLROAD
Audi,Q5,AUDI,Q5
Audi,Q7,AUDI,Q7
Audi,R8,AUDI,R8
Audi,RS 5,AUDI,RS 5
Audi,S4,AUDI,S4
Audi,S5,AUDI,S5
Audi,S6,AUDI,S6
Audi,S7,AUDI,S7
Audi,S8,AUDI,S8
Audi,TT,AUDI,TT
Audi,TT RS,AUDI,TT RS
Bentley,CONTGT,BENTLEY,CONTINENTAL GT
Bentley,Continental,BENTLEY,CONTINENTAL
Bentley,Continental Flying Spur,BENTLEY,CONTINENTAL FLYING SPUR
Bentley,Continental GT,BENTLEY,CONTINENTAL GT
Bentley,Continental GT V8,BENTLEY,CONTINENTAL GT V8
Bentley,Continental GTC,BENTLEY,CONTINENTAL GTC
Bentley,Continental Supersports,BENTLEY,CONTINENTAL SUPERSPORTS
BMW,1 Series,BMW,1 SERIES
BMW,3 Series,BMW,3 SERIES
BMW,5 Series,BMW,5 SERIES
BMW,5 Series Gran Turismo,BMW,5 SERIES
BMW,6 Series,BMW,6 SERIES
BMW,7 Series,BMW,7 SERIES
BMW,M3,BMW,M3
BMW,M5,BMW,M5
BMW,M6,BMW,M6
BMW,X1,BMW,X1
BMW,X3,BMW,X3
BMW,X5,BMW,X5
BMW,X5 M,BMW,X5
BMW,X6,BMW,X6
BMW,Z3,BMW,Z3
BMW,Z4,BMW,Z4
Buick,Century,BUICK,CENTURY
Buick,Enclave,BUICK,ENCLAVE
Buick,Encore,BUICK,ENCORE
Buick,LaCrosse,BUICK,LACROSSE
Buick,LeSabre,BUICK,LESABRE
Buick,Lucerne,BUICK,LUCERNE
Buick,Rainier,BUICK,RAINIER
Buick,Regal,BUICK,REGAL
Buick,Rendezvous,BUICK,RENDEZVOUS
BUICK,T TYPE REGAL,BUICK,REGAL
Buick,Terraza,BUICK,TERRAZA
Buick,Verano,BUICK,VERANO
Cadillac,ATS,CADILLAC,ATS
Cadillac,Brougham,CADILLAC,BROUGHAM
Cadillac,CTS,CADILLAC,CTS
Cadillac,CTS Coupe,CADILLAC,CTS
Cadillac,CTS Sedan,CADILLAC,CTS
Cadillac,CTS-V,CADILLAC,CTSV
Cadillac,CTS-V Coupe,CADILLAC,CTSV
Cadillac,CTS-V Wagon,CADILLAC,CTSV
Cadillac,DeVille,CADILLAC,DEVILLE
Cadillac,DTS,CADILLAC,DTS
Cadillac,Escalade,CADILLAC,ESCALADE
Cadillac,Escalade ESV,CADILLAC,ESCALADE
Cadillac,ESCALADE EXT,CADILLAC,ESCALADE
Cadillac,SRX,CADILLAC,SRX
Cadillac,STS,CADILLAC,STS
Cadillac,XLR,CADILLAC,XLR
Cadillac,XTS,CADILLAC,XTS
Chervrolet,Corvette,CHEVROLET,CORVETTE
Chevrolet,Avalanche,CHEVROLET,AVALANCHE
Chevrolet,Aveo,CHEVROLET,AVEO
Chevrolet,Blazer,CHEVROLET,BLAZER
Chevrolet,C3500,CHEVROLET,C3500
Chevrolet,Camaro,CHEVROLET,CAMARO
Chevrolet,Captiva Sport,CHEVROLET,CAPTIVA
Chevrolet,Captiva Sport Fleet,CHEVROLET,CAPTIVA
Chevrolet,Cavalier,CHEVROLET,CAVALIER
Chevrolet,Chevy Van,CHEVROLET,CHEVY VAN
Chevrolet,Classic,CHEVROLET,CLASSIC
Chevrolet,Cobalt,CHEVROLET,COBALT
Chevrolet,Colorado,CHEVROLET,COLORADO
Chevrolet,Corsica,CHEVROLET,CORSICA
Chevrolet,CORVETTE,CHEVROLET,CORVETTE
Chevrolet,Corvette Z16 Grand Sport w/3LT,CHEVROLET,CORVETTE
Chevrolet,Cruze,CHEVROLET,CRUZE
Chevrolet,Equinox,CHEVROLET,EQUINOX
Chevrolet,Express Cargo Van,CHEVROLET,EXPRESS
Chevrolet,Express Passenger,CHEVROLET,EXPRESS
Chevrolet,G10,CHEVROLET,G10
Chevrolet,HHR,CHEVROLET,HHR
Chevrolet,Impala,CHEVROLET,IMPALA
Chevrolet,Lumina,CHEVROLET,LUMINA
Chevrolet,Malibu,CHEVROLET,MALIBU
Chevrolet,Malibu Classic,CHEVROLET,MALIBU
Chevrolet,Malibu Maxx,CHEVROLET,MALIBU
Chevrolet,Monte Carlo,CHEVROLET,MONTE CARLO
Chevrolet,New Tahoe,CHEVROLET,TAHOE
Chevrolet,S-10,CHEVROLET,S10
Chevrolet,Silverado 1500,CHEVROLET,SILVERADO 1500
Chevrolet,Silverado 1500 Classic,CHEVROLET,SILVERADO 1500
Chevrolet,Silverado 2500HD,CHEVROLET,SILVERADO 2500
Chevrolet,Silverado 2500HD Classic,CHEVROLET,SILVERADO 2500
Chevrolet,Silverado 3500,CHEVROLET,SILVERADO 3500
Chevrolet,Silverado 3500HD,CHEVROLET,SILVERADO 3500
Chevrolet,Silverado1500,CHEVROLET,SILVERADO1500
Chevrolet,Sonic,CHEVROLET,SONIC
Chevrolet,Spark,CHEVROLET,SPARK
Chevrolet,Suburban,CHEVROLET,SUBURBAN
Chevrolet,TAH,CHEVROLET,TAHOE
Chevrolet,Tahoe,CHEVROLET,TAHOE
Chevrolet,TrailBlazer,CHEVROLET,TRAILBLAZER
Chevrolet,Traverse,CHEVROLET,TRAVERSE
Chevrolet,Uplander,CHEVROLET,UPLANDER
Chevrolet,Venture,CHEVROLET,VENTURE
Chevrolet,Volt,CHEVROLET,VOLT
Chrysler,200,CHRYSLER,200
Chrysler,300,CHRYSLER,300
Chrysler,Aspen,CHRYSLER,ASPEN
CHRYSLER,INTREPID,CHRYSLER,INTREPID
Chrysler,Pacifica,CHRYSLER,PACIFICA
Chrysler,PT Cruiser,CHRYSLER,PT CRUISER
Chrysler,PT Cruiser Classic,CHRYSLER,PT CRUISER
Chrysler,Sebring,CHRYSLER,SEBRING
Chrysler,Sebring Sdn,CHRYSLER,SEBRING
Chrysler,Town & Country,CHRYSLER,TOWN & COUNTRY
Chrysler,Town & Country LWB,CHRYSLER,TOWN & COUNTRY
Chrysler,Town & Country SWB,CHRYSLER,TOWN & COUNTRY
Dodge,Avenger,DODGE,AVENGER
Dodge,Caliber,DODGE,CALIBER
Dodge,Caravan,DODGE,CARAVAN
Dodge,Challenger,DODGE,CHALLENGER
Dodge,Charger,DODGE,CHARGER
Dodge,Dakota,DODGE,DAKOTA
Dodge,Dart,DODGE,DART
Dodge,Durango,DODGE,DURANGO
Dodge,Grand Caravan,DODGE,GRAND CARAVAN
Dodge,Journey,DODGE,JOURNEY
Dodge,Neon,DODGE,NEON
Dodge,Nitro,DODGE,NITRO
Dodge,Ram 1500,DODGE,RAM 1500
Dodge,Ram 2500,DODGE,RAM 2500
Dodge,Ram 3500,DODGE,RAM 3500
Dodge,Ram BR3500,DODGE,RAM BR3500
Dodge,Ram SRT-10,DODGE,RAM SRT10
Dodge,Stratus,DODGE,STRATUS
Dodge,Stratus Sdn,DODGE,STRATUS
FIAT,500,FIAT,500
Ford,C-Max Energi,FORD,CMAX HYBRID
Ford,C-Max Hybrid,FORD,CMAX HYBRID
Ford,Contour,FORD,CONTOUR
Ford,Crown Victoria,FORD,CROWN VICTORIA
Ford,Econoline Cargo,FORD,ECONOLINE
Ford,Econoline Cargo Van,FORD,ECONOLINE
Ford,Econoline Commercial Cutaway,FORD,ECONOLINE
Ford,Econoline Conversion Van,FORD,ECONOLINE
Ford,Econoline Wagon,FORD,ECONOLINE
Ford,Edge,FORD,EDGE
Ford,Edge Demonstrator,FORD,EDGE
Ford,Escape,FORD,ESCAPE
Ford,Escort,FORD,ESCORT
Ford,Excursion,FORD,EXCURSION
Ford,Expedition,FORD,EXPEDITION
Ford,Expedition EL,FORD,EXPEDITION
Ford,Explorer,FORD,EXPLORER
Ford,Explorer Demonstrator,FORD,EXPLORER
Ford,Explorer Sport Trac,FORD,EXPLORER
Ford,F150,FORD,F150
Ford,F-150,FORD,F150
Ford,F-150 Demonstrator,FORD,F150
Ford,F-150 Heritage,FORD,F150
Ford,F-150 King Ranch,FORD,F150
Ford,F-150 MAC6,FORD,F150
Ford,F-150 SuperCrew,FORD,F150
FORD,F750DR,FORD,F150
Ford,Fiesta,FORD,FIESTA
Ford,Five Hundred,FORD,FIVE HUNDRED
Ford,Flex,FORD,FLEX
Ford,Focus,FORD,FOCUS
Ford,Focus Electric,FORD,FOCUS
Ford,Freestyle,FORD,FREESTYLE
Ford,Fusion,FORD,FUSION
Ford,Fusion Demonstrator,FORD,FUSION
Ford,Fusion Energi,FORD,FUSION
Ford,Mustang,FORD,MUSTANG
Ford,Police Interceptor,FORD,POLICE INTERCEPTOR
Ford,Ranger,FORD,RANGER
Ford,Super Duty F250,FORD,F250
Ford,Super Duty F-250,FORD,F250
Ford,Super Duty F-250 SRW,FORD,F250
Ford,Super Duty F-250 SRW Demonstrator,FORD,F250
Ford,Super Duty F-350,FORD,F350
Ford,Super Duty F350 DRW,FORD,F350
Ford,Super Duty F-350 DRW,FORD,F350
Ford,Super Duty F350 SRW,FORD,F350
Ford,Super Duty F-350 SRW,FORD,F350
Ford,Super Duty F-450,FORD,F450
Ford,Super Duty F-450 DRW,FORD,F450
Ford,Super Duty F-550 DRW,FORD,F550
Ford,Taurus,FORD,TAURUS
Ford,Taurus X,FORD,TAURUS
Ford,Transit Connect,FORD,TRANSIT CONNECT
Ford,Transit Connect Wagon,FORD,TRANSIT CONNECT
Ford,Windstar,FORD,WINDSTAR
Ford,Windstar Wagon,FORD,WINDSTAR
GMC,Acadia,GMC,ACADIA
GMC,Canyon,GMC,CANYON
GMC,Envoy,GMC,ENVOY
GMC,Envoy XL,GMC,ENVOY
GMC,Jimmy,GMC,JIMMY
GMC,New Sierra 1500,GMC,SIERRA 1500
GMC,Savana Cargo Van,GMC,SAVANA CARGO VAN
GMC,Sierra 1500,GMC,SIERRA 1500
GMC,Sierra 2500HD,GMC,SIERRA 2500
GMC,Sierra 2500HD Classic,GMC,SIERRA 2500
GMC,Sierra 3500HD,GMC,SIERRA 3500
GMC,Sonoma,GMC,SONOMA
GMC,Suburban,GMC,SUBURBAN
GMC,Terrain,GMC,TERRAIN
GMC,Yukon,GMC,YUKON
GMC,Yukon Denali,GMC,YUKON
GMC,Yukon Hybrid,GMC,YUKON
GMC,Yukon XL,GMC,YUKON
GMC,Yukon XL Denali,GMC,YUKON
HARLEY,MC,HARLEY,MC
Honda,Accord,HONDA,ACCORD
Honda,Accord Cpe,HONDA,ACCORD
Honda,Accord Crosstour,HONDA,ACCORD
Honda,Accord Hybrid,HONDA,ACCORD
Honda,Accord Sdn,HONDA,ACCORD
Honda,Accord Sedan,HONDA,ACCORD
Honda,Civic,HONDA,CIVIC
Honda,Civic Cpe,HONDA,CIVIC
Honda,Civic Hybrid,HONDA,CIVIC
Honda,Civic Sdn,HONDA,CIVIC
Honda,Civic Si,HONDA,CIVIC
Honda,Crosstour,HONDA,CROSSTOUR
Honda,CR-V,HONDA,CRV
Honda,CR-Z,HONDA,CRZ
Honda,Element,HONDA,ELEMENT
Honda,Fit,HONDA,FIT
Honda,Insight,HONDA,INSIGHT
Honda,Odyssey,HONDA,ODYSSEY
Honda,Pilot,HONDA,PILOT
HONDA,RANCHER,HONDA,RANCHER
Honda,Ridgeline,HONDA,RIDGELINE
Honda,S2000,HONDA,S2000
HONDA MOTORCYCLE,SHADOW 1100,HONDA MOTORCYCLE,SHADOW 1100
HUMMER,H2,HUMMER,H2
HUMMER,H3,HUMMER,H3
HYUN,SONA,HYUNDAI,SONATA
HYUN,SONAHY,HYUNDAI,SONATA
Hyundai,Accent,HYUNDAI,ACCENT
Hyundai,Azera,HYUNDAI,AZERA
Hyundai,Elantra,HYUNDAI,ELANTRA
Hyundai,Elantra Coupe,HYUNDAI,ELANTRA
Hyundai,Elantra GT,HYUNDAI,ELANTRA
Hyundai,Equus,HYUNDAI,EQUUS
Hyundai,Genesis,HYUNDAI,GENESIS
Hyundai,Genesis Coupe,HYUNDAI,GENESIS
Hyundai,Santa Fe,HYUNDAI,SANTA FE
Hyundai,Sonata,HYUNDAI,SONATA
Hyundai,Sonata Hybrid,HYUNDAI,SONATA
Hyundai,Tiburon,HYUNDAI,TIBURON
Hyundai,Tucson,HYUNDAI,TUCSON
Hyundai,Veloster,HYUNDAI,VELOSTER
Hyundai,Veracruz,HYUNDAI,VERACRUZ
Infiniti,EX35,INFINITI,EX35
Infiniti,FX35,INFINITI,FX35
Infiniti,FX45,INFINITI,FX45
Infiniti,G25,INFINITI,G25
Infiniti,G35,INFINITI,G35
Infiniti,G35 Coupe,INFINITI,G35
Infiniti,G35 Sedan,INFINITI,G35
Infiniti,G37,INFINITI,G37
Infiniti,G37 Convertible,INFINITI,G37
Infiniti,G37 Coupe,INFINITI,G37
Infiniti,G37 Sedan,INFINITI,G37
Infiniti,G37x,INFINITI,G37
Infiniti,M35,INFINITI,M35
Infiniti,M37,INFINITI,M37
Infiniti,QX56,INFINITI,QX56
International,S1700,INTERNATIONAL,S1700
Isuzu,NPR HD DSL REG MT,ISUZU,NPR HD DSL REG MT
Jaguar,S-TYPE,JAGUAR,S
Jaguar,XF,JAGUAR,XF
Jaguar,XJ,JAGUAR,XJ
Jaguar,XK,JAGUAR,XK
Jaguar,X-TYPE,JAGUAR,X
Jeep,Cherokee,JEEP,CHEROKEE
Jeep,Commander,JEEP,COMMANDER
Jeep,Compass,JEEP,COMPASS
Jeep,Grand Cherokee,JEEP,GRAND CHEROKEE
Jeep,Liberty,JEEP,LIBERTY
Jeep,Patriot,JEEP,PATRIOT
Jeep,Wrangler,JEEP,WRANGLER
Jeep,Wrangler Unlimited,JEEP,WRANGLER UNLIMITED
Kia,Borrego,KIA,BORREGO
Kia,Forte,KIA,FORTE
Kia,Forte 5-Door,KIA,FORTE
Kia,Forte Koup,KIA,FORTE
Kia,Optima,KIA,OPTIMA
KIA,OPTIMA HYBRID,KIA,OPTIMA
Kia,Rio,KIA,RIO
Kia,Rondo,KIA,RONDO
Kia,Sedona,KIA,SEDONA
Kia,Sorento,KIA,SORENTO
Kia,Soul,KIA,SOUL
Kia,Spectra,KIA,SPECTRA
Kia,Sportage,KIA,SPORTAGE
LAND,RGRVSP,LAND ROVER,RANGE ROVER SPORT
Land Rover,LR2,LAND ROVER,LR2
Land Rover,LR3,LAND ROVER,LR3
Land Rover,LR4,LAND ROVER,LR4
Land Rover,Range Rover,LAND ROVER,RANGE ROVER
Land Rover,Range Rover Evoque,LAND ROVER,RANGE ROVER EVOQUE
Land Rover,Range Rover Sport,LAND ROVER,RANGE ROVER SPORT
Lexus,ES 300,LEXUS,ES 300
Lexus,ES 330,LEXUS,ES 330
Lexus,ES 350,LEXUS,ES 350
Lexus,GS 300,LEXUS,GS 300
Lexus,GS 350,LEXUS,GS 350
Lexus,GS 450h,LEXUS,GS 450H
Lexus,GX 460,LEXUS,GX 460
Lexus,GX 470,LEXUS,GX 470
Lexus,GX460,LEXUS,GX 460
Lexus,HS 250h,LEXUS,HS 250H
Lexus,IS 250,LEXUS,IS 250
Lexus,IS 250C,LEXUS,IS 250
Lexus,IS 350C,LEXUS,IS 250
Lexus,IS F,LEXUS,IS F
Lexus,IS250,LEXUS,IS250
LEXUS,IS250C,LEXUS,IS250
Lexus,LS 430,LEXUS,LS 430
Lexus,LS 460,LEXUS,LS 460
Lexus,RX 300,LEXUS,RX 300
Lexus,RX 330,LEXUS,RX 330
Lexus,RX 350,LEXUS,RX 350
Lexus,RX 400h,LEXUS,RX 400H
Lexus,RX 450h,LEXUS,RX 450H
LEXUS,RX350,LEXUS,RX 350
Lincoln,LS,LINCOLN,LS
Lincoln,Mark LT,LINCOLN,MARK LT
Lincoln,MKS,LINCOLN,MKS
Lincoln,MKT,LINCOLN,MKT
Lincoln,MKX,LINCOLN,MKX
Lincoln,MKZ,LINCOLN,MKZ
Lincoln,Navigator,LINCOLN,NAVIGATOR
Lincoln,NAVIGATOR L,LINCOLN,NAVIGATOR
Lincoln,Town Car,LINCOLN,TOWN CAR
Maserati,GRANMC,MASERATI,GRANMC
Maserati,GranTurismo,MASERATI,GRANTURISMO
Maserati,GRNSPT,MASERATI,GRNSPT
Maserati,GRNTUR,MASERATI,GRNTUR
Maserati,GT SPORT,MASERATI,GT SPORT
Maserati,GTC,MASERATI,GTC
Maserati,QTPRTS,MASERATI,QTPRTS
Maserati,Quattroporte,MASERATI,QUATTROPORTE
Mazda,B-Series 2WD Truck,MAZDA,BSERIES 2WD TRUCK
Mazda,CX-5,MAZDA,CX5
Mazda,CX-7,MAZDA,CX7
Mazda,CX-9,MAZDA,CX9
Mazda,Mazda2,MAZDA,MAZDA2
Mazda,Mazda3,MAZDA,MAZDA3
Mazda,Mazda5,MAZDA,MAZDA5
Mazda,Mazda6,MAZDA,MAZDA6
Mazda,MPV,MAZDA,MPV
Mazda,MX-5 Miata,MAZDA,MX5 MIATA
Mazda,RX-8,MAZDA,RX8
Mazda,Tribute,MAZDA,TRIBUTE
Mercedes-Benz,190C,MERCEDES-BENZ,190C
Mercedes-Benz,200 Series,MERCEDES-BENZ,200 SERIES
Mercedes-Benz,C,MERCEDES-BENZ,C
Mercedes-Benz,C230,MERCEDES-BENZ,C230
Mercedes-Benz,C-Class,MERCEDES-BENZ,C
Mercedes-Benz,CL-Class,MERCEDES-BENZ,CL
Mercedes-Benz,CLK350C,MERCEDES-BENZ,CLK
Mercedes-Benz,CLK-Class,MERCEDES-BENZ,CLK
Mercedes-Benz,CLS-Class,MERCEDES-BENZ,CLS
Mercedes-Benz,E350W,MERCEDES-BENZ,E
Mercedes-Benz,E-Class,MERCEDES-BENZ,E
Mercedes-Benz,G-Class,MERCEDES-BENZ,G
Mercedes-Benz,GL-Class,MERCEDES-BENZ,GL
Mercedes-Benz,GLK-Class,MERCEDES-BENZ,GLK
Mercedes-Benz,M-Class,MERCEDES-BENZ,M
Mercedes-Benz,ML 350,MERCEDES-BENZ,ML 350
Mercedes-Benz,R-Class,MERCEDES-BENZ,R
Mercedes-Benz,S 63,MERCEDES-BENZ,S
Mercedes-Benz,S63,MERCEDES-BENZ,S
Mercedes-Benz,S-Class,MERCEDES-BENZ,S
Mercedes-Benz,SL-Class,MERCEDES-BENZ,SL
Mercedes-Benz,SLK-Class,MERCEDES-BENZ,SLK
Mercedes-Benz,SLS AMG GT,MERCEDES-BENZ,SLK
Mercedes-Benz,,MERCEDES-BENZ,
Mercury,Grand Marquis,MERCURY,GRAND MARQUIS
Mercury,Mariner,MERCURY,MARINER
Mercury,Montego,MERCURY,MONTEGO
Mercury,Mountaineer,MERCURY,MOUNTAINEER
Mercury,Sable,MERCURY,SABLE
MG,MGB,MG,MGB
MINI,Cooper,MINI,COOPER
MINI,Cooper Clubman,MINI,COOPER CLUBMAN
MINI,Cooper Convertible,MINI,COOPER CONVERTIBLE
MINI,Cooper Countryman,MINI,COOPER COUNTRYMAN
MINI,Cooper Coupe,MINI,COOPER COUPE
MINI,Cooper Hardtop,MINI,COOPER HARDTOP
Mitsubishi,Eclipse,MITSUBISHI,ECLIPSE
Mitsubishi,Eclipse Spyder,MITSUBISHI,ECLIPSE
Mitsubishi,Endeavor,MITSUBISHI,ENDEAVOR
Mitsubishi,Galant,MITSUBISHI,GALANT
Mitsubishi,Lancer,MITSUBISHI,LANCER
Mitsubishi,Montero Sport,MITSUBISHI,MONTERO SPORT
Mitsubishi,Outlander,MITSUBISHI,OUTLANDER
Mitsubishi,Outlander Sport,MITSUBISHI,OUTLANDER SPORT
Nissan,350Z,NISSAN,350Z
Nissan,370Z,NISSAN,370Z
Nissan,Altima,NISSAN,ALTIMA
Nissan,Armada,NISSAN,ARMADA
Nissan,cube,NISSAN,CUBE
Nissan,Frontier,NISSAN,FRONTIER
Nissan,Frontier 2WD,NISSAN,FRONTIER
Nissan,JUKE,NISSAN,JUKE
Nissan,LEAF,NISSAN,LEAF
Nissan,Maxima,NISSAN,MAXIMA
Nissan,Murano,NISSAN,MURANO
Nissan,Pathfinder,NISSAN,PATHFINDER
Nissan,Quest,NISSAN,QUEST
Nissan,Rogue,NISSAN,ROGUE
Nissan,Sentra,NISSAN,SENTRA
Nissan,Titan,NISSAN,TITAN
Nissan,Versa,NISSAN,VERSA
Nissan,Xterra,NISSAN,XTERRA
Oldsmobile,Alero,OLDSMOBILE,ALERO
Oldsmobile,Intrigue,OLDSMOBILE,INTRIGUE
Plymouth,Neon,PLYMOUTH,NEON
Pontiac,Aztek,PONTIAC,AZTEK
Pontiac,G6,PONTIAC,G6
Pontiac,Grand Am,PONTIAC,GRAND AM
Pontiac,Grand Prix,PONTIAC,GRAND PRIX
Pontiac,Montana,PONTIAC,MONTANA
Pontiac,Solstice,PONTIAC,SOLSTICE
Pontiac,Sunfire,PONTIAC,SUNFIRE
Pontiac,Vibe,PONTIAC,VIBE
Porsche,911,PORSCHE,911
Porsche,911 Turbo,PORSCHE,911
Porsche,Boxster,PORSCHE,BOXSTER
Porsche,Boxster S Spyder,PORSCHE,BOXSTER
Porsche,CAYEN,PORSCHE,CAYENNE
Porsche,Cayenne,PORSCHE,CAYENNE
Porsche,CAYENNE HYBRID,PORSCHE,CAYENNE
Porsche,Cayman,PORSCHE,CAYENNE
Porsche,Panamera,PORSCHE,PANAMERA
Ram,1500,RAM,1500
Ram,2500,RAM,2500
Ram,3500,RAM,3500
Ram,4500,RAM,4500
Ram,5500,RAM,5500
Ram,Cargo Van,RAM,CARGO VAN
Rolls-Royce,Ghost,ROLLS-ROYCE,GHOST
Rolls-Royce,Phantom,ROLLS-ROYCE,PHANTOM
Saab,900,SAAB,900
Saab,42250,SAAB,42250
Saab,42252,SAAB,42252
Saturn,Astra,SATURN,ASTRA
Saturn,Aura,SATURN,AURA
Saturn,Ion,SATURN,ION
Saturn,Outlook,SATURN,OUTLOOK
Saturn,Relay,SATURN,RELAY
Saturn,SC 2dr,SATURN,SC 2DR
Saturn,SL,SATURN,SL
Saturn,VUE,SATURN,VUE
Scion,FR-S,SCION,FRS
Scion,iQ,SCION,IQ
Scion,tC,SCION,TC
Scion,xA,SCION,XA
Scion,xB,SCION,XB
Scion,xD,SCION,XD
Smart,fortwo,SMART,FORTWO
Subaru,B9 Tribeca,SUBARU,TRIBECA
Subaru,BRZ,SUBARU,BRZ
Subaru,Forester,SUBARU,FORESTER
Subaru,Impreza,SUBARU,IMPREZA
Subaru,Impreza Sedan,SUBARU,IMPREZA
Subaru,Impreza Sedan WRX,SUBARU,IMPREZA
Subaru,Impreza Wagon,SUBARU,IMPREZA
Subaru,Impreza Wagon WRX,SUBARU,IMPREZA
Subaru,Legacy,SUBARU,LEGACY
Subaru,Legacy Sedan,SUBARU,LEGACY
Subaru,Legacy Wagon,SUBARU,LEGACY
Subaru,Outback,SUBARU,OUTBACK
Subaru,Tribeca,SUBARU,TRIBECA
Subaru,XV Crosstrek,SUBARU,XV CROSSTREK
Suzuki,Forenza,SUZUKI,FORENZA
Suzuki,Kizashi,SUZUKI,KIZASHI
Suzuki,SX4,SUZUKI,SX4
Suzuki,XL7,SUZUKI,XL7
Suzuki,XL-7,SUZUKI,XL7
TOYO,CAMR,TOYOTA,CAMRY
TOYO,COROL,TOYOTA,COROLLA
Toyota,4Runner,TOYOTA,4RUNNER
Toyota,4Runner SR5,TOYOTA,4RUNNER
Toyota,Avalon,TOYOTA,AVALON
Toyota,Avalon Hybrid,TOYOTA,AVALON
Toyota,Camry,TOYOTA,CAMRY
Toyota,Camry Hybrid,TOYOTA,CAMRY
Toyota,Camry Solara,TOYOTA,CAMRY
Toyota,Celica,TOYOTA,CELICA
Toyota,Corolla,TOYOTA,COROLLA
Toyota,FJ Cruiser,TOYOTA,FJ CRUISER
Toyota,Highlander,TOYOTA,HIGHLANDER
Toyota,Highlander Hybrid,TOYOTA,HIGHLANDER
Toyota,Land Cruiser,TOYOTA,LAND CRUISER
Toyota,Matrix,TOYOTA,MATRIX
Toyota,Prius,TOYOTA,PRIUS
Toyota,Prius c,TOYOTA,PRIUS
Toyota,Prius v,TOYOTA,PRIUS
Toyota,RAV4,TOYOTA,RAV4
Toyota,Sequoia,TOYOTA,SEQUOIA
Toyota,Sienna,TOYOTA,SIENNA
Toyota,Tacoma,TOYOTA,TACOMA
Toyota,Tundra,TOYOTA,TUNDRA
Toyota,Tundra 2WD Truck,TOYOTA,TUNDRA
Toyota,Tundra 4WD Truck,TOYOTA,TUNDRA
Toyota,Venza,TOYOTA,VENZA
Toyota,Yaris,TOYOTA,YARIS
TRITON,SC18,TRITON,SC18
Volkswagen,Beetle,VOLKSWAGEN,BEETLE
Volkswagen,Beetle Convertible,VOLKSWAGEN,BEETLE
Volkswagen,Beetle Coupe,VOLKSWAGEN,BEETLE
Volkswagen,Cabrio,VOLKSWAGEN,CABRIO
Volkswagen,CC,VOLKSWAGEN,CC
Volkswagen,Coupe,VOLKSWAGEN,COUPE
Volkswagen,Eos,VOLKSWAGEN,EOS
Volkswagen,GLI,VOLKSWAGEN,GLI
Volkswagen,Golf,VOLKSWAGEN,GOLF
Volkswagen,Golf R,VOLKSWAGEN,GOLF
Volkswagen,GTI,VOLKSWAGEN,GTI
Volkswagen,Jetta,VOLKSWAGEN,JETTA
Volkswagen,Jetta Sedan,VOLKSWAGEN,JETTA
Volkswagen,Jetta SportWagen,VOLKSWAGEN,JETTA
Volkswagen,New Beetle Convertible,VOLKSWAGEN,BEETLE
Volkswagen,New Beetle Coupe,VOLKSWAGEN,BEETLE
Volkswagen,Passat,VOLKSWAGEN,PASSAT
Volkswagen,Passat Sedan,VOLKSWAGEN,PASSAT
Volkswagen,Passat Wagon,VOLKSWAGEN,PASSAT
Volkswagen,Routan,VOLKSWAGEN,ROUTAN
Volkswagen,Tiguan,VOLKSWAGEN,TIGUAN
Volkswagen,Touareg,VOLKSWAGEN,TOUAREG
VOLV,XC60,VOLVO,XC60
Volvo,C30,VOLVO,C30
Volvo,C70,VOLVO,C70
Volvo,S40,VOLVO,S40
Volvo,S60,VOLVO,S60
Volvo,S80,VOLVO,S80
Volvo,V50,VOLVO,V50
Volvo,V70,VOLVO,V70
Volvo,XC60,VOLVO,XC60
Volvo,XC70,VOLVO,XC70
VOLVO,XC90,VOLVO,XC90
VW,GLI,VOLKSWAGEN,GLI
VW,JETT,VOLKSWAGEN,JETTA
VW,Passat,VOLKSWAGEN,PASSAT
YAMAHA,VSTAR,YAMAHA,VSTAR
